{"cameraMode":{"drawMode":0,"name":"Shaded","section":"Shading Mode"},"sceneLighting":true,"audioPlay":false,"sceneViewState":{"showFog":true,"showMaterialUpdate":false,"showSkybox":true,"showFlares":true,"showImageEffects":true,"showParticleSystems":true,"showVisualEffectGraphs":true,"m_FxEnabled":true},"in2DMode":false,"pivot":{"x":26.16181182861328,"y":29.684368133544923,"z":-86.71514892578125},"rotation":{"x":-0.031453996896743777,"y":0.05095278099179268,"z":0.0016055441228672863,"w":0.9982069134712219},"size":3.7407991886138918,"orthographic":false}