{"cameraMode":{"drawMode":0,"name":"Shaded","section":"Shading Mode"},"sceneLighting":true,"audioPlay":false,"sceneViewState":{"showFog":true,"showMaterialUpdate":false,"showSkybox":true,"showFlares":true,"showImageEffects":true,"showParticleSystems":true},"in2DMode":false,"pivot":{"x":-29.55500030517578,"y":2.245889902114868,"z":0.0},"rotation":{"x":-0.04497626796364784,"y":0.01947903446853161,"z":0.0008774317102506757,"w":0.9988015294075012},"size":6.351219654083252,"orthographic":false}