{"cameraMode":{"drawMode":0,"name":"Shaded","section":"Shading Mode"},"sceneLighting":true,"audioPlay":false,"sceneViewState":{"showFog":true,"showMaterialUpdate":false,"showSkybox":true,"showFlares":true,"showImageEffects":true,"showParticleSystems":true},"in2DMode":false,"pivot":{"x":-0.09249812364578247,"y":3.307384967803955,"z":2.682522773742676},"rotation":{"x":0.09435265511274338,"y":0.011946173384785653,"z":-0.0011322851059958339,"w":0.9954665303230286},"size":5.849304676055908,"orthographic":false}