{"cameraMode":{"drawMode":0,"name":"Shaded","section":"Shading Mode"},"sceneLighting":false,"audioPlay":false,"sceneViewState":{"showFog":true,"showMaterialUpdate":false,"showSkybox":false,"showFlares":true,"showImageEffects":true,"showParticleSystems":true},"in2DMode":false,"pivot":{"x":0.10000002384185791,"y":4.841257572174072,"z":0.0},"rotation":{"x":0.019460119307041169,"y":-0.06294656544923783,"z":0.001227597240358591,"w":0.9978278279304504},"size":1.9912962913513184,"orthographic":false}