{"cameraMode":{"drawMode":0,"name":"Shaded","section":"Shading Mode"},"sceneLighting":false,"audioPlay":false,"sceneViewState":{"showFog":true,"showMaterialUpdate":false,"showSkybox":false,"showFlares":true,"showImageEffects":true,"showParticleSystems":true},"in2DMode":false,"pivot":{"x":18.90999984741211,"y":9.020000457763672,"z":0.0},"rotation":{"x":-0.04497626796364784,"y":0.01947903446853161,"z":0.0008774317102506757,"w":0.9988015294075012},"size":3.819566488265991,"orthographic":false}