{"cameraMode":{"drawMode":0,"name":"Shaded","section":"Shading Mode"},"sceneLighting":true,"audioPlay":false,"sceneViewState":{"showFog":true,"showMaterialUpdate":false,"showSkybox":true,"showFlares":true,"showImageEffects":true,"showParticleSystems":true},"in2DMode":false,"pivot":{"x":-1.008683204650879,"y":39.16743850708008,"z":37.912437438964847},"rotation":{"x":-0.04497626796364784,"y":0.01947903446853161,"z":0.0008774317102506757,"w":0.9988015294075012},"size":63.12862777709961,"orthographic":false}