{"cameraMode":{"drawMode":0,"name":"Shaded","section":"Shading Mode"},"sceneLighting":true,"audioPlay":false,"sceneViewState":{"showFog":true,"showMaterialUpdate":false,"showSkybox":true,"showFlares":true,"showImageEffects":true,"showParticleSystems":true,"showVisualEffectGraphs":true,"m_FxEnabled":true},"in2DMode":false,"pivot":{"x":-3.2274789810180666,"y":26.6922664642334,"z":0.0216522216796875},"rotation":{"x":-0.0029988354071974756,"y":0.028496069833636285,"z":0.0000855098114698194,"w":0.9995908141136169},"size":28.596036911010743,"orthographic":false}