{"cameraMode":{"drawMode":0,"name":"Shaded","section":"Shading Mode"},"sceneLighting":true,"audioPlay":false,"sceneViewState":{"showFog":true,"showMaterialUpdate":false,"showSkybox":true,"showFlares":true,"showImageEffects":true,"showParticleSystems":true,"showVisualEffectGraphs":true,"m_FxEnabled":true},"in2DMode":false,"pivot":{"x":2.6491832733154299,"y":12.290241241455079,"z":-3.5762786865234377e-7},"rotation":{"x":0.007498003542423248,"y":0.022497637197375299,"z":-0.00016874670109245926,"w":0.9997197389602661},"size":30.0701904296875,"orthographic":false}